INSERT INTO PUBLIC.CATEGORY (ID, IS_SUB_CATEGORY, NAME, MAYOR_CATEGORY_ID) VALUES (1, false, 'PC y Portátiles', null);
INSERT INTO PUBLIC.CATEGORY (ID, IS_SUB_CATEGORY, NAME, MAYOR_CATEGORY_ID) VALUES (2, false, 'Celulares', null);
INSERT INTO PUBLIC.CATEGORY (ID, IS_SUB_CATEGORY, NAME, MAYOR_CATEGORY_ID) VALUES (3, false, 'Ferreterí­a', null);
INSERT INTO PUBLIC.CATEGORY (ID, IS_SUB_CATEGORY, NAME, MAYOR_CATEGORY_ID) VALUES (4, true, 'Portatil', 1);
INSERT INTO PUBLIC.CATEGORY (ID, IS_SUB_CATEGORY, NAME, MAYOR_CATEGORY_ID) VALUES (5, true, 'Huawei', 2);
INSERT INTO PUBLIC.CATEGORY (ID, IS_SUB_CATEGORY, NAME, MAYOR_CATEGORY_ID) VALUES (6, true, 'Construcción', 3);
INSERT INTO PUBLIC.CATEGORY (ID, IS_SUB_CATEGORY, NAME, MAYOR_CATEGORY_ID) VALUES (7, true, 'Electrodomésticos', 3);
INSERT INTO PUBLIC.CATEGORY (ID, IS_SUB_CATEGORY, NAME, MAYOR_CATEGORY_ID) VALUES (8, true, 'GPS & Navegación', 3);
INSERT INTO PUBLIC.CUSTOMER (ID, ADDRESS, CELL_PHONE, CITY, FIRST_NAME, LAST_NAME, PHONE, PHOTO_PATH) VALUES ('402-2472509-9', 'Mi casa', '8099342324', 'Salcedo', 'John', 'Doe', '8099091234', 'default.png');
INSERT INTO PUBLIC.DEVICE (ID, COLOR, COMPANY, DAILY_COST, ISSUE_DATE, NAME, PENDING, PHOTO_PATH, UNITS_AVAILABLE, CATEGORY_ID, SUB_CATEGORY_ID) VALUES (1, 'Negra', 'Asus', 1000, '2017-11-20 00:00:00.000000000', 'ROG Strix Hero Edition', false, '', 9, 1, 4);
INSERT INTO PUBLIC.DEVICE (ID, COLOR, COMPANY, DAILY_COST, ISSUE_DATE, NAME, PENDING, PHOTO_PATH, UNITS_AVAILABLE, CATEGORY_ID, SUB_CATEGORY_ID) VALUES (2, 'Negro', 'Huawei', 50, '2015-07-23 00:00:00.000000000', 'Huawei P8', false, '', 98, 2, 5);
INSERT INTO PUBLIC.DEVICE (ID, COLOR, COMPANY, DAILY_COST, ISSUE_DATE, NAME, PENDING, PHOTO_PATH, UNITS_AVAILABLE, CATEGORY_ID, SUB_CATEGORY_ID) VALUES (3, 'Verde', 'Makita', 15, '2018-05-15 00:00:00.000000000', 'Taladro Makita', false, '', 17, 3, 6);
INSERT INTO PUBLIC.DEVICE (ID, COLOR, COMPANY, DAILY_COST, ISSUE_DATE, NAME, PENDING, PHOTO_PATH, UNITS_AVAILABLE, CATEGORY_ID, SUB_CATEGORY_ID) VALUES (4, 'Rojo', 'Global', 100, '2016-08-06 00:00:00.000000000', 'GPS', false, '', 2, 3, 8);
INSERT INTO PUBLIC.DEVICE (ID, COLOR, COMPANY, DAILY_COST, ISSUE_DATE, NAME, PENDING, PHOTO_PATH, UNITS_AVAILABLE, CATEGORY_ID, SUB_CATEGORY_ID) VALUES (5, 'Blanca', 'Whirpool', 200, '2018-02-12 00:00:00.000000000', 'Lavadora', false, '', 57, 3, 7);
INSERT INTO PUBLIC.DEVICE (ID, COLOR, COMPANY, DAILY_COST, ISSUE_DATE, NAME, PENDING, PHOTO_PATH, UNITS_AVAILABLE, CATEGORY_ID, SUB_CATEGORY_ID) VALUES (6, 'Cromada', 'Oster', 80, '2018-03-30 00:00:00.000000000', 'Tostadora', false, '', 13, 3, 7);
INSERT INTO PUBLIC.RENT (ID, PENDING, RENT_DATE, UNTIL_DATE, CUSTOMER_ID) VALUES (1, true, '2018-11-18 00:00:00.000000000', '2018-11-20 00:00:00.000000000', '402-2472509-9');
INSERT INTO PUBLIC.RENT (ID, PENDING, RENT_DATE, UNTIL_DATE, CUSTOMER_ID) VALUES (2, true, '2018-11-18 00:00:00.000000000', '2018-11-23 00:00:00.000000000', '402-2472509-9');
INSERT INTO PUBLIC.RENT (ID, PENDING, RENT_DATE, UNTIL_DATE, CUSTOMER_ID) VALUES (3, true, '2018-11-18 00:00:00.000000000', '2018-12-08 00:00:00.000000000', '402-2472509-9');
INSERT INTO PUBLIC.RENT_DEVICES (RENT_ID, DEVICES_ID) VALUES (1, 2);
INSERT INTO PUBLIC.RENT_DEVICES (RENT_ID, DEVICES_ID) VALUES (1, 3);
INSERT INTO PUBLIC.RENT_DEVICES (RENT_ID, DEVICES_ID) VALUES (1, 4);
INSERT INTO PUBLIC.RENT_DEVICES (RENT_ID, DEVICES_ID) VALUES (1, 5);
INSERT INTO PUBLIC.RENT_DEVICES (RENT_ID, DEVICES_ID) VALUES (2, 3);
INSERT INTO PUBLIC.RENT_DEVICES (RENT_ID, DEVICES_ID) VALUES (2, 4);
INSERT INTO PUBLIC.RENT_DEVICES (RENT_ID, DEVICES_ID) VALUES (2, 5);
INSERT INTO PUBLIC.RENT_DEVICES (RENT_ID, DEVICES_ID) VALUES (2, 6);
INSERT INTO PUBLIC.RENT_DEVICES (RENT_ID, DEVICES_ID) VALUES (3, 1);
INSERT INTO PUBLIC.RENT_DEVICES (RENT_ID, DEVICES_ID) VALUES (3, 2);
INSERT INTO PUBLIC.RENT_DEVICES (RENT_ID, DEVICES_ID) VALUES (3, 3);
INSERT INTO PUBLIC.RENT_DEVICES (RENT_ID, DEVICES_ID) VALUES (3, 4);
INSERT INTO PUBLIC.RENT_DEVICES (RENT_ID, DEVICES_ID) VALUES (3, 5);
INSERT INTO PUBLIC.RENT_DEVICES (RENT_ID, DEVICES_ID) VALUES (3, 6);
/*INSERT INTO PUBLIC.ROLE (ROLE_NAME) VALUES ('ROLE_ADMIN');
INSERT INTO PUBLIC.USER (USERNAME, ACTIVE, FIRST_NAME, LAST_NAME, PASSWORD) VALUES ('admin', true, 'Juanito', 'Rodrí­guez', 'admin123');
INSERT INTO PUBLIC.USER_ROLES (USER_USERNAME, ROLES_ROLE_NAME) VALUES ('admin', 'ROLE_ADMIN');*/